reference.reference,reference.id
GEO0K_K_RWSTI359886,962
RWS01_MONICA_00D0020A040068200005,266
RWS01_MONIBAS_0021hrl0560ra,270
RWS01_MONICA_00D0020C9C2DD0070307,337
RWS01_MONICA_00D00208401BD0050011,826
RWS01_MONIBAS_0120vwx0596ra,458
RWS01_MONICA_00D00208401BD0050015,747
GEO0K_K_RWSTI359888,960
RWS01_MONIBAS_0021hrr0678ra,253
RWS01_MONIBAS_0271hrl0551ra,600
RWS01_MONIBAS_0271hrr0480ra,438
RWS01_MONICA_00D01B0B2000D007000B,392
RWS01_MONICA_00D01B0D2000D007000F,44
RWS01_MONICA_00D01B0B2000D007000F,393
RWS01_MONIBAS_0270vwf0839ra,558
RWS01_MONICA_00D01B0D2000D007000B,179
GEO0K_K_RWSTI359632,954
RWS01_MONIBAS_0021hrl0571ra,662
RWS01_MONICA_00D00208401BD0050005,748
RWS01_MONIBAS_0281hrl0053ra,712
RWS01_MONICA_00D01B0B2000D0070007,358
RWS01_MONICA_00D01B0D2000D0070007,599
RWS01_MONIBAS_0121hrl0543ra,735
RWS01_MONIBAS_0121hrr0628ra,635
RWS01_MONIBAS_0271hrl0575rb,476
RWS01_MONICA_00D00208401BD005000D,114
RWS01_MONIBAS_0271hrl0575ra,502
RWS01_MONIBAS_0021hrr0689ra,723
RWS01_MONICA_00D00208401BD0050009,617
RWS01_MONIBAS_0021hrl0791ra,45
GEO0K_K_RWSTI359663,955
RWS01_MONIBAS_0020vwn0612ra,498
RWS01_MONIBAS_0270vwd0858ra,650
RWS01_MONIBAS_0021hrl0584ra,264
RWS01_MONIBAS_0121hrl0652ra,611
RWS01_MONIBAS_0021hrr0558ra,805
RWS01_MONIBAS_0021hrr0610ra,241
RWS01_MONIBAS_0020vwa0563ra,291
RWS01_MONIBAS_0271hrr0854ra,224
RWS01_MONIBAS_0021hrl0629ra,530
RWS01_MONICA_00D00C08FC00A0200005,566
RWS01_MONICA_00D00C08FC00A0200009,261
RWS01_MONIBAS_0020vwm0597ra,59
RWS01_MONIBAS_0020vwm0607ra,462
RWS01_MONIBAS_0021hrr0754ra,406
RWS01_MONIBAS_0271hrl0718ra,541
PUT01_N234.11_1,935
RWS01_MONIBAS_0121hrr0519ra,491
PUT01_N234.11_0,904
RWS01_MONIBAS_0021hrl0618ra,437
GEO0K_K_RWSTI359655,971
GEO0K_K_RWSTI359652,961
GEO0K_K_RWSTI359894,975
RWS01_MONIBAS_0020vwg0646ra,248
RWS01_MONIBAS_0020vwn0623ra,560
GEO0K_K_RWSTI359658,958
RWS01_MONIBAS_0021hrl0595ra,488
RWS01_MONIBAS_0021hrr0621ra,482
RWS01_MONIBAS_0271hrl0562ra,534
RWS01_MONIBAS_0120vwu0575ra,26
RWS01_MONIBAS_0021hrl0682ra,761
RWS01_MONIBAS_0270vwu0572ra,478
RWS01_MONIBAS_0271hrl0695ra,835
RWS01_MONICA_00D0020A040068200009,57
RWS01_MONICA_00D01B0D9C2DD0050009,784
RWS01_MONIBAS_0021hrl0649ra,155
RWS01_MONICA_00D01B0D9C2DD0050005,785
GEO0K_K_RWSTI359683,979
GEO0C_Z_RWSTI359501,1
RWS01_MONIBAS_0020vwm0682ra,644
GEO0K_K_RWSTI359681,959
GEO0K_K_RWSTI359682,957
RWS01_MONIBAS_0281hrr0049ra,159
RWS01_MONIBAS_0121hrl0530ra,284
RWS01_MONIBAS_0021hrr0778ra,802
RWS01_MONIBAS_0121hrr0539ra,279
RWS01_MONIBAS_0270vwn0716rb,235
RWS01_MONICA_00D01B0A7C32D0070007,175
RWS01_MONIBAS_0270vwn0716ra,622
RWS01_MONIBAS_0021hrr0645ra,425
RWS01_MONICA_00D01B0D9C37D0070007,569
RWS01_MONIBAS_0280vwy0021ra,681
RWS01_MONIBAS_0021hrl0638ra,134
RWS01_MONICA_00D01B0A7C32D007000B,176
RWS01_MONIBAS_0271hrl0847ra,788
RWS01_MONICA_00D01B0D9C37D007000F,536
RWS01_MONIBAS_0120vwy0602ra,717
RWS01_MONICA_00D01B0D9C2DD005000D,303
RWS01_MONIBAS_0271hrr0712ra,811
RWS01_MONICA_00D01B0D9C37D007000B,786
RWS01_MONIBAS_0120vwx0574ra,230
RWS01_MONIBAS_0280vwx0029ra,246
RWS01_MONIBAS_0271hrr0647ra,689
GEO1A_A_RWS_359819,851
RWS01_MONIBAS_0021hrr0658ra,720
GEO0C_Z_RWSTI359528,2
RWS01_MONIBAS_0021hrr0612ra,738
RWS01_MONIBAS_0021hrl0691ra,170
RWS01_MONIBAS_0121hrl0598ra,182
RWS01_MONIBAS_0271hrl0814ra,621
RWS01_MONIBAS_0020vwm0605ra,607
RWS01_MONIBAS_0271hrl0716ra,408
RWS01_MONIBAS_0271hrl0507ra,27
RWS01_MONIBAS_0020vwm0595ra,324
RWS01_MONIBAS_0281hrr0025ra,700
RWS01_MONIBAS_0270vws0712ra,707
RWS01_MONIBAS_0270vws0712rb,81
RWS01_MONIBAS_0021hrl0616ra,115
RWS01_MONIBAS_0120vwx0608ra,335
RWS01_MONIBAS_0021hrr0669ra,540
RWS01_MONIBAS_0020vwz0628ra,320
RWS01_MONIBAS_0271hrl0791ra,287
RWS01_MONIBAS_0280vwx0018ra,479
RWS01_MONIBAS_0020vwg0648ra,156
RWS01_MONIBAS_0020vwg0648rb,259
RWS01_MONIBAS_0121hrr0570ra,653
RWS01_MONIBAS_0021hrl0714ra,616
RWS01_MONIBAS_0271hrr0503ra,526
RWS01_MONIBAS_0121hrl0563ra,659
RWS01_MONIBAS_0271hrl0825ra,229
RWS01_MONIBAS_0121hrr0604ra,319
RWS01_MONIBAS_0120vwa0542ra,18
RWS01_MONIBAS_0121hrr0506ra,215
GEO1A_A_RWS_359637,879
RWS01_MONIBAS_0121hrl0672ra,61
GEO1A_A_RWS_359638,853
RWS01_MONIBAS_0020vwn0595ra,753
RWS01_MONIBAS_0120vws0578ra,28
PUT01_N484.15_0,947
RWS01_MONIBAS_0271hrr0680ra,208
RWS01_MONIBAS_0021hrl0647ra,280
PUT01_N484.15_1,948
RWS01_MONIBAS_0270vws0705ra,556
RWS01_MONIBAS_0021hrr0734ra,799
RWS01_MONIBAS_0271hrl0495ra,457
RWS01_MONICA_00D01B0B0C0FD0070087,237
GEO1A_A_RWS_359871,850
GEO1A_A_RWS_359872,843
PUT01_PUVIS_N234.15_0_2,921
GEO1A_A_RWS_359873,858
RWS01_MONIBAS_0021hrl0538ra,315
RWS01_MONIBAS_0121hrl0608ra,796
RWS01_MONIBAS_0121hrr0672ra,238
RWS01_MONIBAS_0020vwn0560rb,655
RWS01_MONIBAS_0020vwn0560ra,188
RWS01_MONIBAS_0271hrr0845ra,296
RWS01_MONIBAS_0271hrl0701ra,495
RWS01_MONIBAS_0271hrl0649ra,459
RWS01_MONICA_00D01B0D6C14D005000D,403
RWS01_MONICA_10D00C097419C0200011,137
RWS01_MONIBAS_0021hrr0516ra,694
RWS01_MONICA_00D01B0D6C14D0050009,300
RWS01_MONIBAS_0020vwm0582ra,484
GEO1A_A_RWS_359622,859
RWS01_MONICA_00D01B0D6C14D0050005,301
RWS01_MONIBAS_0021hrl0549ra,634
RWS01_MONIBAS_0020vwg0631ra,129
RWS01_MONICA_00D01B0C88002020000F,135
RWS01_MONIBAS_0120vwx0576ra,551
GEO1A_A_RWS_359615,860
GEO1A_A_RWS_359616,861
RWS01_MONICA_00D01B0C88002020000B,136
RWS01_MONIBAS_0021hrr0614ra,543
RWS01_MONIBAS_0020vwn0571ra,461
RWS01_MONIBAS_0271hrr0649ra,58
RWS01_MONIBAS_0020vwm0603ra,74
RWS01_MONIBAS_0021hrl0625ra,401
RWS01_MONIBAS_0021hrl0580ra,660
RWS01_MONIBAS_0271hrr0495ra,691
RWS01_MONIBAS_0120vwa0590ra,171
RWS01_MONICA_00D01B0C880020200007,758
RWS01_MONIBAS_0271hrl0505ra,586
RWS01_MONICA_00D01B0CFC00D0070007,814
RWS01_MONIBAS_0020vwm0593ra,243
GEO1A_A_RWS_359850,878
GEO1A_A_RWS_359853,839
RWS01_MONIBAS_0021hrl0516ra,157
GEO1A_A_RWS_359612,852
RWS01_MONIBAS_0020vwn0616ra,172
RWS01_MONIBAS_0120vwx0565ra,809
RWS01_MONIBAS_0021hrr0625ra,638
RWS01_MONICA_00D01B0CFC00D007000F,815
PUT01_N237.07_2,893
RWS01_MONIBAS_0020vwe0743ra,520
RWS01_MONIBAS_0020vwg0642ra,214
RWS01_MONICA_00D01B0CFC00D007000B,816
RWS01_MONIBAS_0271hrr0691ra,781
PUT01_N210.39_0,895
RWS01_MONIBAS_0120vwy0577ra,416
PUT01_N210.39_2,894
RWS01_MONIBAS_0021hrl0758ra,605
RWS01_MONIBAS_0281hrl0009ra,186
RWS01_MONIBAS_0021hrr0769ra,532
RWS01_MONIBAS_0270vwa0678ra,664
PUT01_N237.07_0,950
RWS01_MONIBAS_0271hrl0691ra,614
RWS01_MONIBAS_0021hrr0591ra,778
RWS01_MONIBAS_0021hrl0810ra,367
RWS01_MONIBAS_0280vwy0014ra,116
RWS01_MONIBAS_0020vwm0625ra,565
RWS01_MONIBAS_0121hrl0508ra,492
RWS01_MONIBAS_0121hrr0561ra,574
RWS01_MONIBAS_0121hrl0572ra,281
RWS01_MONIBAS_0121hrr0596ra,132
RWS01_MONIBAS_0021hrr0736ra,244
RWS01_MONIBAS_0021hrr0736rb,440
RWS01_MONIBAS_0280vwu0012ra,514
GEO1A_A_RWS_359672,844
RWS01_MONIBAS_0271hrr0573ra,183
GEO1A_A_RWS_359675,855
GEO1A_A_RWS_359676,840
RWS01_MONIBAS_0270vwq0704ra,602
RWS01_MONICA_00D00209CC116020000B,187
RWS01_MONIBAS_0021hrr0603ra,577
RWS01_MONIBAS_0271hrl0647ra,736
GEO1A_R_RWSTI4172,848
RWS01_MONIBAS_0270vwn0712ra,29
RWS01_MONIBAS_0280vwy0025ra,418
RWS01_MONIBAS_0020vwm0614ra,429
RWS01_MONIBAS_0271hrr0671ra,525
RWS01_MONICA_00D00C0A380DD007000B,68
RWS01_MONIBAS_0121hrr0550ra,271
RWS01_MONICA_00D00C0A380DD007000F,321
PUT01_N230.07_0,908
RWS01_MONIBAS_0270vwr0705ra,657
RWS01_MONIBAS_0121hrl0583ra,466
RWS01_MONIBAS_0021hrl0778ra,217
RWS01_MONICA_00D00C0A380DD0070013,322
GEO1A_R_RWSTI4171,873
GEO1A_A_RWS_359665,856
PUT01_N230.07_2,923
RWS01_MONIBAS_0121hrl0617ra,236
RWS01_MONICA_00D00209CC1160200007,512
GEO0K_K_RWSTI359863,956
GEO0K_K_RWSTI359626,976
RWS01_MONIBAS_0120vwx0578ra,582
GEO0K_K_RWSTI359623,981
RWS01_MONIBAS_0270vwn0701ra,294
RWS01_MONIBAS_0021hrl0623ra,330
RWS01_MONIBAS_0020vwh0644ra,676
RWS01_MONIBAS_0020vwh0644rb,97
RWS01_MONIBAS_0271hrr0814ra,663
RWS01_MONIBAS_0020vwf0741ra,346
RWS01_MONIBAS_0280vwx0025ra,598
RWS01_MONICA_00D01B0D3441D0070187,791
RWS01_MONICA_00D00C0A585FD0070007,509
RWS01_MONIBAS_0121hrr0574ra,118
RWS01_MONIBAS_0120vwg0636ra,332
RWS01_MONICA_00D01C003800C0200005,589
RWS01_MONIBAS_0271hrl0712ra,269
RWS01_MONICA_00D01B0AA055D0070187,104
RWS01_MONIBAS_0021hrr0582ra,739
RWS01_MONICA_00D00C0A585FD007000B,771
RWS01_MONICA_00D00C0A380DD0070007,323
RWS01_MONIBAS_0020vwm0591ra,743
RWS01_MONIBAS_0020vwn0625ra,17
RWS01_MONIBAS_0020vwn0580ra,639
GEO1A_R_RWSTI4155,874
RWS01_MONICA_00D00C0A585FD007000F,770
GEO1A_R_RWSTI4156,864
PUT01_N237.09_0,941
RWS01_MONIBAS_0021hrl0612ra,759
PUT01_N237.09_2,933
GEO1A_R_RWSTI4152,871
RWS01_MONIBAS_0120vwe0624ra,519
RWS01_MONIBAS_0120vwy0579ra,220
RWS01_MONICA_00D00C0A585FD0070013,827
RWS01_MONICA_00D01B0B0C0FD0070007,83
RWS01_MONIBAS_0120vwg0625ra,450
RWS01_MONICA_10D01B08F43298200007,342
RWS01_MONIBAS_0121hrr0608ra,441
RWS01_MONIBAS_0271hrr0507ra,612
RWS01_MONICA_00D01B0B0C0FD007000B,82
RWS01_MONIBAS_0271hrr0791ra,561
RWS01_MONIBAS_0281hrr0056ra,216
RWS01_MONIBAS_0021hrr0593ra,407
RWS01_MONIBAS_0020vwn0625rb,606
RWS01_MONIBAS_0271hrl0657ra,783
RWS01_MONIBAS_0020vwh0647ra,64
RWS01_MONIBAS_0021hrr0595ra,477
RWS01_MONIBAS_0021hrl0522ra,490
RWS01_MONIBAS_0021hrl0666ra,686
RWS01_MONIBAS_0020vwm0600ra,463
RWS01_MONIBAS_0020vwn0599ra,276
PUT01_N408.03_3,915
RWS01_MONIBAS_0121hrr0556ra,409
RWS01_MONIBAS_0281hrr0043ra,325
PUT01_N408.03_0,901
RWS01_MONIBAS_0121hrl0627ra,191
RWS01_MONIBAS_0020vwm0635ra,557
PUT01_PUVIS_N412.05_1_2,902
RWS01_MONIBAS_0021hrr0605ra,138
RWS01_MONICA_00D00C0AB85FD0070007,160
RWS01_MONIBAS_0021hrr0703ra,531
RWS01_MONICA_00D00209D02B68200085,780
PUT01_N410.11_0,925
PUT01_N410.11_1,913
RWS01_MONIBAS_0280vwu0002ra,349
RWS01_MONICA_00D00C0AB85FD007000B,485
RWS01_MONIBAS_0021hrl0620ra,205
RWS01_MONIBAS_0020vwn0609ra,496
RWS01_MONICA_00D00C0AB85FD007000F,161
RWS01_MONICA_00D00209D02B68200089,189
RWS01_MONIBAS_0121hrl0638ra,387
RWS01_MONIBAS_0121hrl0638rb,672
RWS01_MONICA_00D00209D840D0070007,247
RWS01_MONIBAS_0021hrl0644ra,234
RWS01_MONIBAS_0121hrl0505ra,347
RWS01_MONIBAS_0120vwx0632ra,493
RWS01_MONIBAS_0271hrl0490ra,6
RWS01_MONIBAS_0270vwa0856ra,690
RWS01_MONIBAS_0281hrl0017ra,204
RWS01_MONIBAS_0281hrl0017rb,442
RWS01_MONIBAS_0021hrr0716ra,726
RWS01_MONIBAS_0121hrr0632ra,311
RWS01_MONICA_00D00209D84060200187,823
RWS01_MONIBAS_0271hrr0551ra,624
RWS01_MONICA_00D00C0A541400200007,355
RWS01_MONIBAS_0021hrl0742ra,533
RWS01_MONIBAS_0021hrl0807ra,225
RWS01_MONIBAS_0120vwx0621ra,751
RWS01_MONICA_00D00209CC113020000B,105
RWS01_MONIBAS_0021hrr0682ra,263
RWS01_MONIBAS_0121hrr0523ra,628
RWS01_MONICA_00D00209D840D007000B,47
RWS01_MONICA_00D00209CC1130200007,339
RWS01_MONIBAS_0271hrr0562ra,394
RWS01_MONIBAS_0270vwe0805ra,464
RWS01_MONIBAS_0020vwh0649ra,483
RWS01_MONIBAS_0021hrr0597ra,742
PUT01_PUVIS_N411.03_0_2,936
RWS01_MONIBAS_0021hrl0566ra,798
RWS01_MONICA_00D00209E03368200009,9
RWS01_MONIBAS_0120vwc0589ra,139
RWS01_MONIBAS_0271hrl0799ra,211
RWS01_MONIBAS_0271hrl0500ra,39
RWS01_MONIBAS_0271hrl0546ra,773
RWS01_MONICA_00D00209E03368200005,10
PUT01_N408.01_0,881
PUT01_N408.01_1,906
RWS01_MONIBAS_0271hrr0784ra,426
RWS01_MONIBAS_0270vwe0795ra,66
RWS01_MONIBAS_0271hrl0851ra,807
RWS01_MONIBAS_0021hrr0607ra,808
RWS01_MONICA_00D01C00AC4BD0050005,297
RWS01_MONICA_00D01C00AC4BD0050009,750
RWS01_MONIBAS_0271hrl0809ra,231
GEO0K_R_RWSTI4038,969
RWS01_MONIBAS_0121hrr0543ra,678
GEO1A_A_RWS_359381,876
GEO1A_A_RWS_359382,866
RWS01_MONIBAS_0020vwn0607ra,757
RWS01_MONIBAS_0271hrr0871ra,434
RWS01_MONIBAS_0280vwy0019ra,740
RWS01_MONIBAS_0271hrr0707ra,356
RWS01_MONIBAS_0021hrl0544ra,529
RWS01_MONICA_00D01B0D6C14D007000B,312
RWS01_MONIBAS_0120vwq0578ra,341
RWS01_MONIBAS_0120vwx0634ra,449
RWS01_MONICA_00D01B0D6C14D007000F,40
RWS01_MONIBAS_0271hrr0662ra,831
RWS01_MONICA_00D01B0C5C0520200007,368
PUT01_N419.05_0,887
RWS01_MONIBAS_0281hrl0019ra,637
RWS01_MONIBAS_0281hrl0019rb,421
RWS01_MONICA_00D00209B43760200187,510
RWS01_MONIBAS_0121hrl0647ra,119
RWS01_MONIBAS_0270vwu0566ra,704
PUT01_N419.05_1,886
RWS01_MONICA_00D01B0D6C14D0070007,41
RWS01_MONIBAS_0020vwn0618ra,370
RWS01_MONIBAS_0271hrl0875ra,731
RWS01_MONICA_00D01B0C5C052020000F,288
RWS01_MONIBAS_0021hrl0555ra,542
RWS01_MONIBAS_0121hrr0654ra,709
RWS01_MONIBAS_0020vwn0584ra,782
RWS01_MONIBAS_0120vwx0623ra,730
RWS01_MONIBAS_0120vwx0623rb,583
RWS01_MONIBAS_0120vwy0575ra,489
RWS01_MONIBAS_0021hrl0677ra,669
RWS01_MONIBAS_0271hrr0697ra,500
RWS01_MONICA_00D01B0C5C052020000B,369
RWS01_MONIBAS_0271hrl0788ra,729
RWS01_MONIBAS_0121hrl0612ra,304
RWS01_MONIBAS_0121hrl0658ra,547
RWS01_MONIBAS_0271hrr0795ra,764
RWS01_MONIBAS_0271hrr0688ra,195
RWS01_MONIBAS_0120vwx0614ra,504
RWS01_MONIBAS_0021hrl0609ra,581
RWS01_MONICA_00D00209DC4130200307,821
RWS01_MONIBAS_0271hrr0533ra,396
RWS01_MONICA_00D00209DC413020030B,590
RWS01_MONIBAS_0120vwy0582ra,445
RWS01_MONIBAS_0121hrl0623ra,219
RWS01_MONIBAS_0121hrl0669ra,679
RWS01_MONICA_00D0020C9C37D0050005,763
RWS01_MONICA_00D0020C9C37D0050009,371
RWS01_MONIBAS_0271hrl0871ra,716
RWS01_MONIBAS_0270vwn0718ra,447
RWS01_MONIBAS_0021hrr0609ra,210
RWS01_MONIBAS_0020vwn0620ra,4
RWS01_MONICA_00D00209D02B68200009,576
RWS01_MONICA_10D00209281310200005,298
RWS01_MONICA_00D00C0A9437D007000B,632
RWS01_MONICA_00D00C0A9437D007000F,451
RWS01_MONIBAS_0121hrl0536ra,702
RWS01_MONIBAS_0271hrr0775ra,405
RWS01_MONIBAS_0271hrl0579ra,472
RWS01_MONIBAS_0281hrl0046ra,733
RWS01_MONIBAS_0120vwg0641ra,687
RWS01_MONIBAS_0271hrl0533ra,21
RWS01_MONICA_00D00C0A9437D0070013,633
RWS01_MONICA_00D00209D02B68200005,578
RWS01_MONIBAS_0120vws0582ra,372
RWS01_MONIBAS_0120vwy0627ra,233
RWS01_MONIBAS_0021hrr0577ra,555
PUT01_N230.03R_0,946
RWS01_MONIBAS_0121hrl0547ra,240
RWS01_MONIBAS_0281hrl0013ra,376
RWS01_MONIBAS_0020vwf0638ra,357
RWS01_MONIBAS_0120vwg0630ra,475
RWS01_MONICA_00D01C00945FC0200005,162
RWS01_MONIBAS_0021hrl0697ra,329
RWS01_MONIBAS_0281hrl0059ra,452
RWS01_MONICA_00D01C00AC4BD005000D,538
RWS01_MONICA_00D01C00740AB8200007,163
RWS01_MONIBAS_0120vwa0598ra,185
PUT01_N421.01_0,929
RWS01_MONIBAS_0020vwd0618ra,806
PUT01_N421.01_1,945
RWS01_MONICA_00D00C0A9437D0070007,820
PUT01_N237.33_2,880
PUT01_N237.33_0,885
GEO0K_R_RWSTI4407,968
RWS01_MONIBAS_0270vwv0833ra,817
RWS01_MONIBAS_0021hrl0599ra,207
RWS01_MONIBAS_0021hrl0784ra,439
RWS01_MONIBAS_0270vwm0809ra,760
RWS01_MONIBAS_0120vwa0661ra,194
RWS01_MONICA_00D0020C9C37D005000D,374
RWS01_MONIBAS_0020vwg0627ra,277
PUT01_PUVIS_N408.05_1_2,943
RWS01_MONIBAS_0021hrr0640ra,193
RWS01_MONIBAS_0271hrr0653ra,830
PUT01_N229.05_0,900
PUT01_N229.05_1,910
PUT01_N210.31_0,939
RWS01_MONICA_00D0020C9C37D0050011,375
RWS01_MONIBAS_0271hrl0555ra,693
PUT01_N210.31_1,932
RWS01_MONIBAS_0271hrl0555rb,130
RWS01_MONIBAS_0020vwm0566ra,420
RWS01_MONIBAS_0121hrr0527ra,667
PUT01_PUVIS_N484.01_1_2,940
RWS01_MONIBAS_0021hrr0784ra,22
RWS01_MONIBAS_0120vwx0580ra,453
RWS01_MONICA_00D01B0ACC37D007000F,141
RWS01_MONIBAS_0021hrl0607ra,249
RWS01_MONIBAS_0271hrr0851ra,223
RWS01_MONICA_00D01B0ACC37D007000B,142
RWS01_MONIBAS_0121hrl0632ra,486
RWS01_MONIBAS_0021hrr0807ra,158
RWS01_MONIBAS_0020vwn0555ra,631
PUT01_N230.11_0,930
PUT01_PUVIS_N409.07_0_2,949
RWS01_MONIBAS_0020vwm0640ra,713
RWS01_MONICA_00D01B0ACC37D0070007,262
RWS01_MONIBAS_0281hrl0037ra,167
PUT01_N230.11_2,917
RWS01_MONIBAS_0271hrr0788ra,719
RWS01_MONIBAS_0271hrl0795ra,419
RWS01_MONIBAS_0121hrr0512ra,766
RWS01_MONIBAS_0021hrr0699ra,278
RWS01_MONIBAS_0020vwm0577ra,120
RWS01_MONIBAS_0271hrl0662ra,629
RWS01_MONIBAS_0121hrl0643ra,38
RWS01_MONIBAS_0021hrr0566ra,70
RWS01_MONICA_00D01C00740AB820000B,164
RWS01_MONIBAS_0121hrl0643rb,286
RWS01_MONIBAS_0020vwn0566ra,646
RWS01_MONIBAS_0271hrr0500ra,106
RWS01_MONIBAS_0271hrr0546ra,674
GEO0K_R_RWSTI4431,982
RWS01_MONIBAS_0271hrl0577ra,353
RWS01_MONIBAS_0270vwn0773ra,131
RWS01_MONIBAS_0271hrr0809ra,524
RWS01_MONIBAS_0271hrl0707ra,651
RWS01_MONIBAS_0270vwn0809ra,213
RWS01_MONIBAS_0271hrl0675ra,226
RWS01_MONIBAS_0121hrr0647ra,336
RWS01_MONICA_00D00C0AB85FD0070013,354
GEO0K_R_RWSTI4451,970
RWS01_MONIBAS_0280vwy0030ra,71
RWS01_MONIBAS_0271hrr0875ra,575
GEO0K_R_RWSTI4445,964
RWS01_MONIBAS_0020vwm0609ra,86
RWS01_MONIBAS_0271hrl0773ra,803
RWS01_MONICA_10D00C097037C0200011,652
RWS01_MONIBAS_0121hrr0634ra,250
RWS01_MONIBAS_0270vwt0559ra,677
RWS01_MONIBAS_0270vwe0791ra,78
PUT01_PUVIS_N210.37_1_2,911
RWS01_MONIBAS_0271hrr0840ra,749
RWS01_MONICA_00D01B0A7C32D0070187,568
RWS01_MONICA_00D01C008C0AD0070007,51
RWS01_MONIBAS_0020vwe0749ra,252
PUT01_N229.03_0,898
PUT01_N229.03_2,899
RWS01_MONIBAS_0271hrl0829ra,121
GEO0K_R_RWSTI4458,965
RWS01_MONICA_00D01C008C0AD007000B,470
RWS01_MONIBAS_0121hrl0521ra,680
RWS01_MONIBAS_0121hrr0623ra,585
RWS01_MONIBAS_0021hrl0718ra,604
RWS01_MONIBAS_0120vwx0618ra,647
RWS01_MONIBAS_0020vwg0634rb,328
RWS01_MONIBAS_0020vwg0634ra,165
RWS01_MONIBAS_0280vwy0035ra,107
PUT01_N210.45_0,914
PUT01_N210.45_1,944
RWS01_MONICA_00D00C0A1005D0070013,377
RWS01_MONIBAS_0020vwz0625ra,108
RWS01_MONIBAS_0020vwe0740ra,832
RWS01_MONIBAS_0121hrl0664ra,584
RWS01_MONICA_00D00C0A1005D007000F,378
RWS01_MONIBAS_0120vwu0576ra,545
RWS01_MONICA_00D00C0A1005D007000B,180
RWS01_MONIBAS_0120vwy0623ra,741
RWS01_MONIBAS_0121hrl0566ra,173
RWS01_MONIBAS_0271hrr0779ra,192
RWS01_MONIBAS_0021hrr0535ra,744
RWS01_MONICA_00D00C0A1005D0070007,181
RWS01_MONIBAS_0021hrl0606ra,609
RWS01_MONIBAS_0020vwn0635ra,703
RWS01_MONIBAS_0270vwu0560ra,570
PUT01_N228.39_1,924
PUT01_N228.39_0,934
RWS01_MONIBAS_0281hrl0043rb,140
RWS01_MONIBAS_0271hrr0831ra,673
RWS01_MONIBAS_0281hrl0043ra,239
RWS01_MONICA_00D01B0D601400200007,819
RWS01_MONIBAS_0271hrl0839ra,692
RWS01_MONICA_10D00209C41460200187,201
RWS01_MONIBAS_0120vwc0602ra,202
RWS01_MONICA_00D01B0D60140020000B,430
RWS01_MONIBAS_0021hrr0522ra,579
RWS01_MONIBAS_0271hrr0720ra,546
RWS01_MONIBAS_0021hrr0731ra,737
RWS01_MONIBAS_0121hrl0686ra,435
RWS01_MONIBAS_0271hrr0657ra,30
RWS01_MONIBAS_0020vwn0600ra,671
RWS01_MONICA_00D00208284CD007000F,779
RWS01_MONIBAS_0120vwx0584ra,7
RWS01_MONIBAS_0021hrr0546ra,313
RWS01_MONICA_00D00208284CD007000B,184
RWS01_MONIBAS_0271hrr0490ra,474
RWS01_MONICA_00D00208284CD0070017,351
RWS01_MONIBAS_0281hrr0039ra,460
RWS01_MONIBAS_0121hrr0584ra,42
RWS01_MONIBAS_0270vwt0568ra,728
RWS01_MONIBAS_0021hrr0742ra,267
RWS01_MONIBAS_0020vwm0585ra,456
RWS01_MONICA_00D00208284CD0070013,352
RWS01_MONIBAS_0020vwn0611ra,597
RWS01_MONICA_00D01B0C880078200007,824
RWS01_MONIBAS_0281hrl0021ra,50
RWS01_MONIBAS_0121hrr0580ra,801
RWS01_MONIBAS_0121hrl0553ra,465
PUT01_N230.15_0,905
RWS01_MONIBAS_0021hrl0724ra,754
RWS01_MONIBAS_0271hrl0474ra,109
RWS01_MONIBAS_0121hrr0614ra,625
PUT01_N230.15_2,922
RWS01_MONIBAS_0271hrl0681ra,364
RWS01_MONICA_00D00C0A500FD0070307,768
GEO1A_A_RWS_359703,877
GEO1A_A_RWS_359704,845
GEO1A_A_RWS_359946,846
GEO1A_A_RWS_359705,847
RWS01_MONIBAS_0021hrl0802ra,85
RWS01_MONIBAS_0020vwh0630ra,725
RWS01_MONIBAS_0271hrl0859ra,767
RWS01_MONIBAS_0270vwm0804ra,765
RWS01_MONIBAS_0271hrr0866ra,630
RWS01_MONIBAS_0281hrl0032ra,5
RWS01_MONIBAS_0271hrl0824ra,190
RWS01_MONIBAS_0020vwm0561ra,444
RWS01_MONICA_00D01C003037A0200085,87
RWS01_MONIBAS_0021hrr0766ra,580
RWS01_MONIBAS_0021hrr0720ra,567
GEO1A_A_RWS_359943,865
RWS01_MONIBAS_0021hrl0528ra,424
RWS01_MONICA_00D01C00480AB8200007,88
RWS01_MONIBAS_0021hrl0604ra,593
GEO1A_A_RWS_359937,868
GEO1A_A_RWS_359938,870
RWS01_MONIBAS_0021hrr0635ra,619
GEO1A_A_RWS_359939,869
RWS01_MONICA_00D01C00480AB820000B,89
RWS01_MONIBAS_0121hrl0575ra,15
RWS01_MONIBAS_0021hrl0748ra,221
RWS01_MONIBAS_0120vwy0612ra,382
RWS01_MONIBAS_0020vwm0572ra,708
RWS01_MONICA_00D01C003832A0200009,360
RWS01_MONIBAS_0270vwj0809ra,620
RWS01_MONICA_00D01C003832A0200005,361
RWS01_MONICA_00D00C0A6837D0070013,35
RWS01_MONIBAS_0120vwx0586ra,665
RWS01_MONIBAS_0020vwh0652ra,443
RWS01_MONIBAS_0021hrr0600ra,497
RWS01_MONIBAS_0271hrl0583ra,734
RWS01_MONIBAS_0281hrl0056ra,345
RWS01_MONICA_00D00C0A6837D007000F,33
RWS01_MONICA_00D01C00243CB8200007,67
RWS01_MONICA_00D00209CC116020030B,308
RWS01_MONICA_00D00C0A6837D007000B,110
RWS01_MONIBAS_0121hrl0586ra,36
RWS01_MONIBAS_0021hrl0737ra,683
RWS01_MONIBAS_0121hrl0540ra,699
RWS01_MONIBAS_0271hrl0485ra,711
PUT01_N234.01_2,888
RWS01_MONIBAS_0020vwm0617ra,117
RWS01_MONIBAS_0271hrl0802ra,727
RWS01_MONICA_00D00209CC1160200307,777
PUT01_N234.01_0,882
RWS01_MONIBAS_0020vwt0651ra,31
RWS01_MONICA_00D00C0A6837D0070007,111
RWS01_MONIBAS_0280vwq0014ra,522
RWS01_MONICA_00D00C0A10143020000F,384
RWS01_MONIBAS_0120vwx0577ra,306
RWS01_MONICA_00D00C0A10143020000B,431
RWS01_MONICA_00D01B0AA055D007000B,776
RWS01_MONICA_00D00C0AB841D0050011,196
RWS01_MONIBAS_0021hrr0757ra,20
RWS01_MONICA_00D01B0AA055D0070007,101
GEO1A_A_RWS_359992,857
RWS01_MONIBAS_0271hrr0702ra,746
RWS01_MONICA_00D01C00243CB820000B,199
RWS01_MONICA_00D01B0D3441D0070007,792
RWS01_MONIBAS_0021hrr0711ra,295
RWS01_MONICA_00D00C0A101430200007,383
GEO1A_A_RWS_359506,863
GEO1A_A_RWS_359507,841
RWS01_MONIBAS_0271hrr0822ra,19
RWS01_MONIBAS_0120vwc0544ra,563
RWS01_MONIBAS_0281hrr0059ra,645
RWS01_MONIBAS_0021hrl0711ra,359
RWS01_MONIBAS_0120vww0575ra,648
RWS01_MONIBAS_0020vwn0628ra,654
RWS01_MONIBAS_0020vwc0569ra,810
RWS01_MONIBAS_0020vwf0640ra,436
RWS01_MONIBAS_0121hrr0660ra,388
GEO1A_A_RWS_359746,862
RWS01_MONIBAS_0120vwx0599ra,668
RWS01_MONIBAS_0020vwg0654ra,698
RWS01_MONIBAS_0021hrl0602ra,427
PUT01_N412.01_0,884
PUT01_N412.01_2,883
RWS01_MONIBAS_0120vwy0589ra,206
RWS01_MONIBAS_0121hrr0599ra,838
PUT01_N419.03_0,912
RWS01_MONIBAS_0020vwa0579ra,326
PUT01_N419.03_2,919
RWS01_MONIBAS_0021hrl0700ra,307
RWS01_MONIBAS_0021hrr0526ra,122
RWS01_MONIBAS_0271hrr0517ra,613
RWS01_MONIBAS_0271hrl0835ra,714
RWS01_MONICA_00D01C00945FD005000D,774
RWS01_MONIBAS_0271hrl0528ra,828
RWS01_MONIBAS_0281hrr0046ra,48
RWS01_MONICA_00D01C00945FD0050009,32
RWS01_MONICA_00D01B0D2000D0070187,508
RWS01_MONIBAS_0021hrr0602ra,468
RWS01_MONIBAS_0021hrr0648ra,528
GEO0K_K_RWSTI359933,980
RWS01_MONIBAS_0280vwy0028ra,232
RWS01_MONIBAS_0120vwx0588ra,400
RWS01_MONIBAS_0120vwb0654ra,23
RWS01_MONICA_00D01B0D3441D007000F,627
RWS01_MONICA_00D00C0AB841D0050005,385
RWS01_MONICA_00D01C00945FD0050005,69
RWS01_MONICA_00D01B0D3441D007000B,793
RWS01_MONIBAS_0270vwn0802rb,174
RWS01_MONICA_00D00209CC1160200187,123
RWS01_MONIBAS_0271hrr0528ra,517
RWS01_MONICA_00D01C006400C0200005,822
RWS01_MONIBAS_0270vwn0802ra,275
RWS01_MONICA_00D00C0AB841D0050009,402
RWS01_MONIBAS_0270vwr0702ra,423
RWS01_MONICA_00D01B0B2000A8200007,309
RWS01_MONICA_00D00C0AB841D005000D,386
RWS01_MONIBAS_0271hrl0517ra,73
RWS01_MONIBAS_0271hrr0581ra,499
RWS01_MONIBAS_0121hrr0640ra,65
RWS01_MONIBAS_0020vwn0604ra,314
RWS01_MONIBAS_0281hrr0035ra,366
RWS01_MONIBAS_0121hrr0682ra,511
RWS01_MONICA_00D00209DC4130200187,24
RWS01_MONICA_00D01C003037A0200005,90
RWS01_MONIBAS_0121hrr0686ra,710
RWS01_MONIBAS_0271hrl0866ra,398
RWS01_MONIBAS_0280vwy0037ra,91
RWS01_MONIBAS_0021hrl0731ra,143
RWS01_MONIBAS_0271hrr0859ra,124
RWS01_MONIBAS_0020vwm0602ra,389
RWS01_MONICA_00D01C003037A0200009,92
RWS01_MONIBAS_0120vwy0632ra,834
RWS01_MONIBAS_0121hrr0618ra,334
RWS01_MONIBAS_0120vwy0632rb,362
RWS01_MONIBAS_0270vwt0573ra,455
RWS01_MONIBAS_0021hrl0766ra,724
GEO0K_K_RWSTI359715,967
RWS01_MONIBAS_0281hrr0022ra,696
RWS01_MONIBAS_0280vwx0013ra,62
RWS01_MONIBAS_0121hrr0651ra,273
RWS01_MONICA_00D01B0D4C23D005000D,125
RWS01_MONIBAS_0270vwe0799ra,643
RWS01_MONIBAS_0021hrl0611ra,515
PUT01_N409.01_2,896
PUT01_N409.01_0,916
RWS01_MONIBAS_0270vwm0800ra,413
RWS01_MONIBAS_0021hrr0724ra,507
RWS01_MONIBAS_0120vwu0578ra,684
RWS01_MONICA_00D01B0D4C23D0050005,523
RWS01_MONIBAS_0280vwu0000ra,685
GEO0C_Z_RWSTI359482,0
GEO0C_Z_RWSTI359483,3
RWS01_MONICA_00D01B0D4C23D0050009,299
RWS01_MONIBAS_0271hrl0820ra,521
RWS01_MONIBAS_0020vwn0592ra,197
RWS01_MONIBAS_0021hrr0800ra,641
PUT01_N210.29_3,918
RWS01_MONIBAS_0121hrr0662ra,601
PUT01_N210.29_0,931
RWS01_MONIBAS_0020vwc0796ra,592
RWS01_MONIBAS_0270vwe0788ra,454
RWS01_MONIBAS_0021hrl0600ra,410
RWS01_MONIBAS_0271hrr0474ra,272
RWS01_MONIBAS_0271hrr0837ra,289
RWS01_MONIBAS_0021hrr0528ra,610
GEO1A_A_RWS_359771,875
RWS01_MONIBAS_0270vwu0562ra,49
PUT01_PUVIS_N234.15_1_2,897
GEO1A_A_RWS_359536,849
RWS01_MONIBAS_0020vwn0602ra,363
GEO1A_A_RWS_359529,872
RWS01_MONIBAS_0271hrr0485ra,145
RWS01_MONIBAS_0021hrl0635ra,166
RWS01_MONIBAS_0121hrl0680ra,198
RWS01_MONIBAS_0020vwh0656ra,112
RWS01_MONICA_00D01B0D1C00D0050005,11
RWS01_MONICA_00D01B0D1C00D0050009,12
RWS01_MONIBAS_0270vwt0562ra,285
RWS01_MONIBAS_0021hrr0748ra,608
RWS01_MONIBAS_0021hrl0733ra,666
RWS01_MONIBAS_0271hrl0844ra,293
PUT01_N230.03L_1,903
RWS01_MONICA_00D01B0D1C00D005000D,13
RWS01_MONIBAS_0271hrr0583ra,701
RWS01_MONIBAS_0021hrr0572ra,222
RWS01_MONICA_00D01B0C5C05D007000B,144
RWS01_MONICA_00D01B0C5C05D0070007,537
RWS01_MONIBAS_0020vwn0576ra,251
RWS01_MONIBAS_0280vwx0022ra,75
RWS01_MONICA_00D01B0C880A28200005,640
RWS01_MONIBAS_0270vwu0569ra,96
RWS01_MONIBAS_0120vwg0633ra,209
RWS01_MONIBAS_0280vwu0014ra,706
RWS01_MONIBAS_0121hrr0533ra,833
RWS01_MONIBAS_0271hrl0778ra,518
RWS01_MONIBAS_0120vwy0619ra,594
RWS01_MONIBAS_0021hrr0790ra,395
RWS01_MONIBAS_0020vwm0612ra,428
RWS01_MONIBAS_0271hrr0826ra,548
RWS01_MONIBAS_0121hrl0517ra,258
RWS01_MONIBAS_0281hrl0027ra,379
RWS01_MONIBAS_0271hrl0480ra,623
RWS01_MONICA_10D0020A984660200007,338
RWS01_MONICA_00D01B0C5C05D007000F,147
RWS01_MONIBAS_0120vwy0608ra,535
PUT01_PUVIS_N411.03_1_2,953
RWS01_MONIBAS_0020vwm0645ra,626
RWS01_MONIBAS_0020vwc0624ra,283
RWS01_MONIBAS_0120vwy0585ra,732
RWS01_MONIBAS_0020vwc0624rb,126
RWS01_MONICA_00D00209E03368200305,146
GEO1A_A_RWS_359693,842
RWS01_MONIBAS_0121hrl0592ra,316
RWS01_MONIBAS_0020vwh0635ra,340
RWS01_MONIBAS_0271hrl0669ra,837
RWS01_MONIBAS_0271hrl0854ra,787
RWS01_MONIBAS_0271hrr0717ra,446
PUT01_PUVIS_N412.05_0_2,927
RWS01_MONIBAS_0021hrl0656ra,327
RWS01_MONIBAS_0271hrr0804ra,380
RWS01_MONIBAS_0280vwx0035ra,836
RWS01_MONIBAS_0270vwn0806ra,290
RWS01_MONICA_00D00209D02B68200185,432
RWS01_MONIBAS_0021hrl0754rb,433
RWS01_MONIBAS_0021hrl0754ra,695
RWS01_MONIBAS_0121hrl0637ra,812
RWS01_MONIBAS_0121hrr0644ra,549
RWS01_MONIBAS_0121hrl0637rb,203
RWS01_MONICA_00D00C09F0003020000B,148
RWS01_MONIBAS_0020vwa0620ra,553
RWS01_MONICA_00D01C001414B8200087,77
RWS01_MONIBAS_0020vwm0621ra,480
RWS01_MONIBAS_0021hrr0619ra,268
RWS01_MONIBAS_0020vwh0626ra,790
RWS01_MONICA_00D00C09F0003020000F,591
RWS01_MONIBAS_0021hrl0796ra,513
RWS01_MONIBAS_0020vwf0744ra,218
GEO0K_R_RWSTI4393,974
RWS01_MONIBAS_0020vwm0558ra,794
RWS01_MONIBAS_0271hrr0817ra,46
RWS01_MONIBAS_0271hrl0569ra,718
RWS01_MONIBAS_0021hrl0652ra,775
RWS01_MONIBAS_0121hrr0577ra,559
RWS01_MONIBAS_0271hrl0523ra,603
GEO0K_R_RWSTI4388,963
RWS01_MONICA_00D00209D840D0070187,8
RWS01_MONIBAS_0121hrl0602ra,100
RWS01_MONICA_00D00C09F00030200007,149
RWS01_MONIBAS_0120vwx0590ra,415
RWS01_MONIBAS_0021hrr0585ra,37
RWS01_MONIBAS_0020vwm0610ra,705
RWS01_MONICA_00D01C00340AB8200007,448
PUT01_N417.03_1,907
RWS01_MONIBAS_0120vwr0570ra,661
PUT01_N417.03_0,937
RWS01_MONIBAS_0021hrl0641ra,95
RWS01_MONIBAS_0021hrl0687ra,282
RWS01_MONIBAS_0021hrr0728ra,412
RWS01_MONIBAS_0121hrr0566ra,550
RWS01_MONIBAS_0271hrl0512ra,411
PUT01_N411.09_1,942
RWS01_MONIBAS_0281hrr0053ra,16
RWS01_MONIBAS_0021hrl0589ra,473
RWS01_MONIBAS_0271hrr0565ra,795
PUT01_N411.09_0,909
PUT01_PUVIS_N484.01_0_2,928
RWS01_MONIBAS_0021hrr0552ra,98
RWS01_MONIBAS_0271hrl0863ra,527
GEO1A_A_RWS_360009,867
RWS01_MONIBAS_0021hrr0804ra,227
RWS01_MONIBAS_0270vwc0866ra,381
RWS01_MONIBAS_0121hrr0666ra,642
RWS01_MONIBAS_0021hrl0774ra,99
RWS01_MONICA_00D00C0A9427D0050011,350
RWS01_MONICA_00D00209DC4130200007,53
RWS01_MONIBAS_0120vwx0611ra,503
RWS01_MONIBAS_0271hrr0685ra,365
RWS01_MONIBAS_0021hrr0696ra,399
RWS01_MONICA_00D00C0A9427D005000D,150
RWS01_MONICA_00D00209DC413020000B,54
RWS01_MONICA_00D0020C9C37D0050105,151
RWS01_MONIBAS_0271hrr0576ra,505
RWS01_MONICA_00D00C0A9427D0050009,152
RWS01_MONIBAS_0021hrl0532ra,113
RWS01_MONIBAS_0121hrr0677ra,481
RWS01_MONICA_00D00C0A9427D0050005,762
RWS01_MONIBAS_0021hrl0763ra,344
RWS01_MONIBAS_0271hrr0674ra,14
RWS01_MONIBAS_0120vwy0598ra,55
RWS01_MONIBAS_0120vwg0644ra,63
RWS01_MONIBAS_0280vwu0005ra,84
RWS01_MONIBAS_0281hrl0007ra,318
RWS01_MONIBAS_0021hrl0798ra,825
RWS01_MONIBAS_0020vwn0606ra,649
RWS01_MONIBAS_0271hrr0541ra,212
RWS01_MONIBAS_0270vwn0706ra,829
RWS01_MONIBAS_0271hrr0665ra,797
RWS01_MONIBAS_0020vwn0632ra,76
RWS01_MONICA_00D00C08FC00A0200309,168
RWS01_MONIBAS_0271hrl0469ra,688
RWS01_MONIBAS_0021hrr0674ra,697
RWS01_MONIBAS_0271hrr0556rb,596
RWS01_MONIBAS_0271hrr0556ra,636
PUT01_N410.03_1,889
RWS01_MONICA_00D00C08FC00A0200305,169
PUT01_N410.03_0,890
RWS01_MONIBAS_0270vwj0806ra,756
RWS01_MONIBAS_0021hrr0541ra,331
RWS01_MONICA_00D01B0C900560200007,302
RWS01_MONIBAS_0271hrr0469ra,745
RWS01_MONICA_00D0020C9C2DD0070013,772
RWS01_MONIBAS_0121hrr0590ra,373
RWS01_MONIBAS_0121hrl0559ra,554
RWS01_MONIBAS_0271hrr0798ra,93
RWS01_MONIBAS_0021hrr0685ra,34
PUT01_PUVIS_N409.07_1_2,938
RWS01_MONIBAS_0021hrr0554ra,487
RWS01_MONICA_00D0020C9C2DD0070007,769
RWS01_MONIBAS_0020vwg0639ra,414
RWS01_MONIBAS_0120vwa0609ra,52
RWS01_MONIBAS_0121hrl0524ra,587
RWS01_MONICA_00D01B0ACC37D0070307,317
RWS01_MONIBAS_0120vwu0583ra,516
RWS01_MONIBAS_0021hrr0652ra,539
RWS01_MONIBAS_0271hrl0589ra,544
RWS01_MONICA_00D01C00340AB820000B,72
RWS01_MONICA_00D0020C9C2DD007000F,397
RWS01_MONICA_00D01B0CA40048200007,813
GEO1A_A_RWS_359298,854
RWS01_MONIBAS_0121hrr0515ra,670
RWS01_MONIBAS_0021hrr0796ra,254
RWS01_MONICA_00D0020C9C2DD007000B,595
RWS01_MONIBAS_0020vwm0630ra,422
RWS01_MONIBAS_0021hrl0576ra,471
RWS01_MONIBAS_0020vwh0639ra,56
RWS01_MONIBAS_0271hrl0665ra,506
RWS01_MONICA_00D00209B4376020000B,200
RWS01_MONICA_00D00C0A742DD005000D,153
RWS01_MONICA_00D00209B43760200007,588
RWS01_MONIBAS_0021hrr0663ra,721
RWS01_MONIBAS_0270vwv0712ra,404
RWS01_MONIBAS_0120vwy0592ra,25
RWS01_MONICA_00D01B0D681418200005,79
RWS01_MONIBAS_0271hrr0589ra,274
RWS01_MONIBAS_0021hrr0708ra,467
RWS01_MONICA_00D01C004446D0050089,127
RWS01_MONICA_00D00C0A742DD0050005,571
RWS01_MONIBAS_0280vwu0007ra,501
RWS01_MONICA_00D01C001C32D0050005,255
RWS01_MONICA_00D00C0A742DD0050009,154
RWS01_MONIBAS_0021hrr0761ra,348
RWS01_MONIBAS_0020vwf0748ra,292
RWS01_MONIBAS_0280vwx0009ra,789
RWS01_MONIBAS_0271hrl0783ra,804
RWS01_MONIBAS_0021hrr0630ra,310
RWS01_MONIBAS_0270vwn0708ra,417
RWS01_MONIBAS_0271hrr0512ra,800
RWS01_MONICA_00D00208284CD0070007,390
RWS01_MONIBAS_0121hrl0511ra,755
RWS01_MONICA_00D00C0A742DD0050011,572
RWS01_MONICA_00D01C001414B820000B,80
RWS01_MONICA_00D00209D84060200007,102
RWS01_MONIBAS_0271hrl0565ra,715
RWS01_MONIBAS_0120vwy0617ra,552
RWS01_MONIBAS_0021hrr0774ra,245
RWS01_MONIBAS_0270vwf0837ra,564
RWS01_MONICA_00D01C001414B8200007,333
PUT01_PUVIS_N210.37_0_2,951
RWS01_MONIBAS_0020vwt0654ra,573
RWS01_MONIBAS_0120vwx0628ra,752
RWS01_MONIBAS_0271hrl0685ra,682
RWS01_MONIBAS_0020vwn0641ra,177
GEO0K_K_RWSTI360047,973
RWS01_MONICA_00D00209D8406020000B,103
RWS01_MONIBAS_0120vwy0572ra,615
PUT01_PUVIS_N408.05_0_2,920
PUT01_N402.19_1,891
PUT01_N402.19_0,892
RWS01_MONIBAS_0020vwn0589ra,256
RWS01_MONIBAS_0271hrr0523ra,722
RWS01_MONIBAS_0271hrr0569ra,658
RWS01_MONIBAS_0270vwf0802ra,818
RWS01_MONIBAS_0120vwx0583ra,618
RWS01_MONIBAS_0021hrl0770ra,656
GEO0K_K_RWSTI360018,966
RWS01_MONIBAS_0121hrl0677ra,562
GEO0K_K_RWSTI360019,978
GEO0K_K_RWSTI360013,977
RWS01_MONIBAS_0270vwe0802ra,60
RWS01_MONIBAS_0021hrl0672ra,260
RWS01_MONIBAS_0021hrl0706ra,265
RWS01_MONIBAS_0281hrr0029ra,305
RWS01_MONIBAS_0120vwx0570ra,43
RWS01_MONIBAS_0271hrr0678ra,94
RWS01_MONIBAS_0020vwm0674ra,469
PUT01_N234.05_0,926
GEO0K_K_RWSTI360025,972
RWS01_MONIBAS_0120vwx0604ra,494
PUT01_N234.05_1,952
RWS01_MONIBAS_0271hrl0541ra,257
RWS01_MONIBAS_0121hrl0579ra,178
RWS01_MONIBAS_0271hrr0863ra,228
RWS01_MONIBAS_0281hrl0049ra,675
RWS01_MONIBAS_0021hrl0661ra,343
RWS01_MONIBAS_0271hrl0806ra,391
RWS01_MONIBAS_0271hrl0708ra,128
RWS01_MONIBAS_0281hrr0018ra,242
RWS01_MONIBAS_0280vwu0009ra,133
